{
    "author": "R3dC4p,Josh.5",
    "compatibility": [
        1,
        2
    ],
    "description": "Move completed encodes to a different directory.",
    "icon": "https://raw.githubusercontent.com/Unmanic/plugin.mover2/master/icon.png",
    "id": "mover2_studyfranco",
    "name": "Mover v2 studyfranco",
    "platform": [
        "all"
    ],
    "priorities": {
        "on_postprocessor_file_movement": 0,
        "on_postprocessor_task_results": 99
    },
    "tags": "post-processor, mover",
    "version": "0.0.8.a"
}
